title,movie index
'Til There Was You (1997),0
101 Dalmatians (1996),1
12 Angry Men (1957),2
187 (One Eight Seven) (1997),3
2 Days in the Valley (1996),4
"20,000 Leagues Under the Sea (1954)",5
2001: A Space Odyssey (1968),6
3 Ninjas: High Noon On Mega Mountain (1998),7
"39 Steps, The (1935)",8
8 1/2 (8½) (1963),9
8 Heads in a Duffel Bag (1997),10
8 Seconds (1994),11
Above the Rim (1994),12
Absolute Power (1997),13
"Abyss, The (1989)",14
Ace Ventura: Pet Detective (1994),15
Ace Ventura: When Nature Calls (1995),16
Addams Family Values (1993),17
Addicted to Love (1997),18
"Addiction, The (1995)",19
"Adventures of Pinocchio, The (1996)",20
"Adventures of Priscilla, Queen of the Desert, The (1994)",21
"Adventures of Robin Hood, The (1938)",22
"Affair to Remember, An (1957)",23
"African Queen, The (1951)",24
Afterglow (1997),25
"Age of Innocence, The (1993)",26
Air Bud (1997),27
Air Force One (1997),28
"Air Up There, The (1994)",29
Airheads (1994),30
Akira (1988),31
Aladdin (1992),32
Aladdin and the King of Thieves (1996),33
Alaska (1996),34
Albino Alligator (1996),35
Alice in Wonderland (1951),36
Alien (1979),37
Alien: Resurrection (1997),38
Aliens (1986),39
Alien³ (a.k.a. Alien 3) (1992),40
All About Eve (1950),41
All Dogs Go to Heaven 2 (1996),42
All Quiet on the Western Front (1930),43
All the King's Men (1949),44
Almost Heroes (1998),45
"Alphaville (Alphaville, une étrange aventure de Lemmy Caution) (1965)",46
Amadeus (1984),47
Amateur (1994),48
"Amazing Panda Adventure, The (1995)",49
American Buffalo (1996),50
"American President, The (1995)",51
"American Werewolf in London, An (1981)",52
"American in Paris, An (1951)",53
Amistad (1997),54
Amityville 1992: It's About Time (1992),55
Amityville 3-D (1983),56
"Amityville Curse, The (1990)",57
"Amityville Horror, The (1979)",58
Amityville II: The Possession (1982),59
Amityville: A New Generation (1993),60
Amityville: Dollhouse (1996),61
Amos & Andrew (1993),62
Anaconda (1997),63
Anastasia (1997),64
Andre (1994),65
Angel Baby (1995),66
Angels and Insects (1995),67
Angels in the Outfield (1994),68
Angus (1995),69
Anna Karenina (1997),70
Anne Frank Remembered (1995),71
Annie Hall (1977),72
Another Stakeout (1993),73
Antonia's Line (Antonia) (1995),74
"Apartment, The (1960)",75
Apocalypse Now (1979),76
Apollo 13 (1995),77
"Apostle, The (1997)",78
"Apple Dumpling Gang, The (1975)",79
April Fool's Day (1986),80
"Aristocats, The (1970)",81
Armageddon (1998),82
Army of Darkness (1993),83
Around the World in 80 Days (1956),84
"Arrival, The (1996)",85
Arsenic and Old Lace (1944),86
Artemisia (1997),87
As Good as It Gets (1997),88
Ashes of Time (Dung che sai duk) (1994),89
Assassins (1995),90
"Assignment, The (1997)",91
Austin Powers: International Man of Mystery (1997),92
B*A*P*S (1997),93
B. Monkey (1998),94
Babe (1995),95
"Baby-Sitters Club, The (1995)",96
"Babysitter, The (1995)",97
Back to the Future (1985),98
Backbeat (1993),99
Bad Boys (1995),100
Bad Company (1995),101
Bad Girls (1994),102
Bad Taste (1987),103
Balto (1995),104
Bananas (1971),105
"Band Wagon, The (1953)",106
Barb Wire (1996),107
Barbarella (1968),108
Barcelona (1994),109
Barney's Great Adventure (1998),110
Basic Instinct (1992),111
"Basketball Diaries, The (1995)",112
Basquiat (1996),113
Bastard Out of Carolina (1996),114
Batman & Robin (1997),115
Batman (1989),116
Batman Forever (1995),117
Batman Returns (1992),118
Bean (1997),119
Beat the Devil (1953),120
"Beautician and the Beast, The (1997)",121
Beautiful Girls (1996),122
Beautiful Thing (1996),123
Beauty and the Beast (1991),124
Beauty of the Day (Belle de jour) (1967),125
Beavis and Butt-Head Do America (1996),126
Bed of Roses (1996),127
Bedknobs and Broomsticks (1971),128
Before Sunrise (1995),129
Before and After (1996),130
Before the Rain (Pred dozhdot) (1994),131
Being Human (1993),132
Being There (1979),133
"Believers, The (1987)",134
Ben-Hur (1959),135
Benny & Joon (1993),136
Bent (1997),137
Best Men (1997),138
"Best Years of Our Lives, The (1946)",139
Best of the Best 3: No Turning Back (1995),140
Better Off Dead... (1985),141
"Beverly Hillbillies, The (1993)",142
Beverly Hills Cop III (1994),143
Beverly Hills Ninja (1997),144
Beyond Rangoon (1995),145
Beyond Silence (Jenseits der Stille) (1996),146
Bhaji on the Beach (1993),147
"Big Blue, The (Grand bleu, Le) (1988)",148
Big Bully (1996),149
"Big Green, The (1995)",150
"Big Hit, The (1998)",151
"Big Lebowski, The (1998)",152
Big Night (1996),153
"Big One, The (1997)",154
"Big Sleep, The (1946)",155
Billy Madison (1995),156
Bio-Dome (1996),157
"Birdcage, The (1996)",158
"Birds, The (1963)",159
Bitter Moon (1992),160
Black Beauty (1994),161
Black Sheep (1996),162
Blade Runner (1982),163
Blink (1994),164
Bliss (1997),165
"Blob, The (1958)",166
Blood and Wine (Blood & Wine) (1996),167
Blood for Dracula (Andy Warhol's Dracula) (1974),168
Bloodsport 2 (a.k.a. Bloodsport II: The Next Kumite) (1996),169
Blown Away (1994),170
Blue Chips (1994),171
Blue Juice (1995),172
Blue Sky (1994),173
Blue in the Face (1995),174
Blues Brothers 2000 (1998),175
"Blues Brothers, The (1980)",176
Bob Roberts (1992),177
Body Parts (1991),178
"Body Snatcher, The (1945)",179
Body Snatchers (1993),180
Bogus (1996),181
Bonnie and Clyde (1967),182
Boogie Nights (1997),183
Boomerang (1992),184
"Boot, Das (Boat, The) (1981)",185
Booty Call (1997),186
"Borrowers, The (1997)",187
Bottle Rocket (1996),188
Bound (1996),189
Boxing Helena (1993),190
Boys (1996),191
Boys Life (1995),192
"Boys of St. Vincent, The (1992)",193
Boys on the Side (1995),194
"Brady Bunch Movie, The (1995)",195
Brassed Off (1996),196
Braveheart (1995),197
Brazil (1985),198
Bread and Chocolate (Pane e cioccolata) (1973),199
Breakdown (1997),200
"Breakfast Club, The (1985)",201
Breakfast at Tiffany's (1961),202
Breaking the Waves (1996),203
"Bride of Frankenstein, The (Bride of Frankenstein) (1935)",204
"Bridge on the River Kwai, The (1957)",205
"Bridges of Madison County, The (1995)",206
Bringing Up Baby (1938),207
Broken Arrow (1996),208
Broken English (1996),209
"Bronx Tale, A (1993)",210
"Brothers McMullen, The (1995)",211
"Browning Version, The (1994)",212
Buffalo '66 (a.k.a. Buffalo 66) (1998),213
Bulletproof (1996),214
Bullets Over Broadway (1994),215
Bulworth (1998),216
Burnt by the Sun (Utomlyonnye solntsem) (1994),217
Bushwhacked (1995),218
Butch Cassidy and the Sundance Kid (1969),219
"Butcher Boy, The (1997)",220
Cabin Boy (1994),221
"Cable Guy, The (1996)",222
Calendar Girl (1993),223
Can't Hardly Wait (1998),224
Canadian Bacon (1995),225
"Candidate, The (1972)",226
Candyman (1992),227
Candyman: Farewell to the Flesh (1995),228
Cape Fear (1962),229
Cape Fear (1991),230
Career Girls (1997),231
Carlito's Way (1993),232
Carpool (1996),233
Carrie (1976),234
Casablanca (1942),235
Casino (1995),236
Casper (1995),237
Castle Freak (1995),238
Cat People (1982),239
Cat on a Hot Tin Roof (1958),240
Cats Don't Dance (1997),241
Catwalk (1996),242
"Celluloid Closet, The (1995)",243
Celtic Pride (1996),244
"Cement Garden, The (1993)",245
Cemetery Man (Dellamorte Dellamore) (1994),246
Chain Reaction (1996),247
"Chamber, The (1996)",248
Character (Karakter) (1997),249
Charade (1963),250
Chariots of Fire (1981),251
Chasing Amy (1997),252
Cheech and Chong's Up in Smoke (1978),253
Child's Play (1988),254
Child's Play 2 (1990),255
Child's Play 3 (1991),256
"Children Are Watching Us, The (Bambini ci guardano, I) (1944)",257
"Children of Heaven, The (Bacheha-Ye Aseman) (1997)",258
Children of the Corn IV: The Gathering (1996),259
Children of the Revolution (1996),260
Chinatown (1974),261
Chinese Box (1997),262
"Christmas Carol, A (1938)",263
Chungking Express (Chung Hing sam lam) (1994),264
"Ciao, Professore! (Io speriamo che me la cavo) (1992)",265
Cinderella (1950),266
Cinema Paradiso (Nuovo cinema Paradiso) (1989),267
Circle of Friends (1995),268
Citizen Kane (1941),269
Citizen Ruth (1996),270
City Hall (1996),271
City Slickers II: The Legend of Curly's Gold (1994),272
City of Angels (1998),273
"City of Lost Children, The (Cité des enfants perdus, La) (1995)",274
Clean Slate (1994),275
Clear and Present Danger (1994),276
Clerks (1994),277
"Client, The (1994)",278
Cliffhanger (1993),279
Clockers (1995),280
Clockwatchers (1997),281
"Clockwork Orange, A (1971)",282
Clueless (1995),283
Cobb (1994),284
Cold Comfort Farm (1995),285
Cold Fever (Á köldum klaka) (1995),286
"Collector, The (La collectionneuse) (1967)",287
"Colonel Chabert, Le (1994)",288
Color of Night (1994),289
Con Air (1997),290
Conan the Barbarian (1982),291
Coneheads (1993),292
Congo (1995),293
Conspiracy Theory (1997),294
Contact (1997),295
"Contempt (Mépris, Le) (1963)",296
"Cook the Thief His Wife & Her Lover, The (1989)",297
Cool Hand Luke (1967),298
Cool Runnings (1993),299
Cop Land (1997),300
Cops and Robbersons (1994),301
Copycat (1995),302
"Corrina, Corrina (1994)",303
Courage Under Fire (1996),304
"Cowboy Way, The (1994)",305
"Craft, The (1996)",306
Crash (1996),307
Crimson Tide (1995),308
Crooklyn (1994),309
Crossfire (1947),310
"Crossing Guard, The (1995)",311
"Crow, The (1994)",312
"Crow: City of Angels, The (1996)",313
"Crucible, The (1996)",314
Crumb (1994),315
"Cry, the Beloved Country (1995)",316
"Crying Game, The (1992)",317
"Cure, The (1995)",318
Cutthroat Island (1995),319
Cyrano de Bergerac (1990),320
D3: The Mighty Ducks (1996),321
"Dancer, Texas Pop. 81 (1998)",322
Dances with Wolves (1990),323
Dangerous Ground (1997),324
Dangerous Minds (1995),325
Dante's Peak (1997),326
Dark City (1998),327
Dave (1993),328
"Davy Crockett, King of the Wild Frontier (1955)",329
"Day the Earth Stood Still, The (1951)",330
Daylight (1996),331
Days of Thunder (1990),332
"Daytrippers, The (1996)",333
Dazed and Confused (1993),334
Dead Alive (Braindead) (1992),335
Dead Man (1995),336
Dead Man Walking (1995),337
Dead Poets Society (1989),338
Dead Presidents (1995),339
Dear Diary (Caro Diario) (1994),340
Dear God (1996),341
Death and the Maiden (1994),342
Deceiver (1997),343
Deconstructing Harry (1997),344
Deep Impact (1998),345
Deep Rising (1998),346
"Deer Hunter, The (1978)",347
Delicatessen (1991),348
Demolition Man (1993),349
Denise Calls Up (1995),350
Desperado (1995),351
Desperate Measures (1998),352
Destiny Turns on the Radio (1995),353
Devil in a Blue Dress (1995),354
"Devil's Own, The (1997)",355
Diabolique (1996),356
Dial M for Murder (1954),357
Die Hard (1988),358
Die Hard 2 (1990),359
Die Hard: With a Vengeance (1995),360
Dirty Dancing (1987),361
Disclosure (1994),362
Diva (1981),363
Dolores Claiborne (1995),364
Don Juan DeMarco (1995),365
Don't Be a Menace to South Central While Drinking Your Juice in the Hood (1996),366
Donnie Brasco (1997),367
"Doom Generation, The (1995)",368
"Doors, The (1991)",369
Double Happiness (1994),370
"Double Life of Veronique, The (Double Vie de Véronique, La) (1991)",371
Double Team (1997),372
Down Periscope (1996),373
Down by Law (1986),374
Dr. Dolittle (1998),375
Dr. Strangelove or: How I Learned to Stop Worrying and Love the Bomb (1964),376
Dracula (Bram Stoker's Dracula) (1992),377
Dracula: Dead and Loving It (1995),378
Dragonheart (1996),379
Dream for an Insomniac (1996),380
Driving Miss Daisy (1989),381
Drop Dead Fred (1991),382
Drop Zone (1994),383
Drunks (1995),384
Duck Soup (1933),385
Dumb & Dumber (Dumb and Dumber) (1994),386
Dumbo (1941),387
Dunston Checks In (1996),388
E.T. the Extra-Terrestrial (1982),389
East of Eden (1955),390
Eat Drink Man Woman (Yin shi nan nu) (1994),391
Ed (1996),392
Ed Wood (1994),393
Eddie (1996),394
"Edge, The (1997)",395
"Eighth Day, The (Huitième jour, Le) (1996)",396
Emma (1996),397
Enchanted April (1992),398
"English Patient, The (1996)",399
"Englishman Who Went Up a Hill But Came Down a Mountain, The (1995)",400
Eraser (1996),401
Escape from L.A. (1996),402
Escape from New York (1981),403
Escape to Witch Mountain (1975),404
Eve's Bayou (1997),405
Even Cowgirls Get the Blues (1993),406
Event Horizon (1997),407
Everest (1998),408
Everyone Says I Love You (1996),409
Evil Dead II (Dead by Dawn) (1987),410
Evita (1996),411
Excess Baggage (1997),412
Executive Decision (1996),413
Exit to Eden (1994),414
Exorcist II: The Heretic (1977),415
"Exorcist III, The (1990)",416
"Exorcist, The (1973)",417
Exotica (1994),418
Extreme Measures (1996),419
Eye for an Eye (1996),420
"Eyes Without a Face (Yeux sans visage, Les) (1959)",421
Face/Off (1997),422
Fair Game (1995),423
FairyTale: A True Story (1997),424
Fallen (1998),425
Fallen Angels (Duo luo tian shi) (1995),426
"Family Thing, A (1996)",427
"Fan, The (1996)",428
Fantasia (1940),429
Far From Home: The Adventures of Yellow Dog (1995),430
Farewell My Concubine (Ba wang bie ji) (1993),431
"Farewell to Arms, A (1932)",432
Fargo (1996),433
Farinelli: il castrato (1994),434
"Fast, Cheap & Out of Control (1997)",435
Faster Pussycat! Kill! Kill! (1965),436
Fatal Instinct (1993),437
Father of the Bride (1950),438
Father of the Bride Part II (1995),439
Fathers' Day (1997),440
Fear (1996),441
Fear and Loathing in Las Vegas (1998),442
Fear of a Black Hat (1994),443
Fearless (1993),444
Feeling Minnesota (1996),445
Female Perversions (1996),446
"Femme Nikita, La (Nikita) (1990)",447
Field of Dreams (1989),448
Fierce Creatures (1997),449
"Fifth Element, The (1997)",450
Fire Down Below (1997),451
Fireworks (Hana-bi) (1997),452
"Firm, The (1993)",453
First Kid (1996),454
First Knight (1995),455
First Strike (Police Story 4: First Strike) (Ging chaat goo si 4: Ji gaan daan yam mo) (1996),456
"First Wives Club, The (1996)",457
"Fish Called Wanda, A (1988)",458
Fled (1996),459
Flesh and Bone (1993),460
"Flintstones, The (1994)",461
Flipper (1996),462
Flirting With Disaster (1996),463
"Flower of My Secret, The (La flor de mi secreto) (1995)",464
Flubber (1997),465
Fluke (1995),466
Fly Away Home (1996),467
"Fog, The (1980)",468
Fools Rush In (1997),469
For Love or Money (1993),470
For Richer or Poorer (1997),471
For Whom the Bell Tolls (1943),472
Forbidden Planet (1956),473
Foreign Correspondent (1940),474
Forget Paris (1995),475
Forrest Gump (1994),476
"Four Days in September (O Que É Isso, Companheiro?) (1997)",477
Four Rooms (1995),478
Four Weddings and a Funeral (1994),479
"Fox and the Hound, The (1981)",480
Foxfire (1996),481
"Freddy's Dead: The Final Nightmare (Nightmare on Elm Street Part 6: Freddy's Dead, A) (1991)",482
Free Willy (1993),483
Free Willy 2: The Adventure Home (1995),484
Freeway (1996),485
"French Connection, The (1971)",486
French Kiss (1995),487
French Twist (Gazon maudit) (1995),488
Fresh (1994),489
Friday (1995),490
Friday the 13th (1980),491
Friday the 13th Part 2 (1981),492
Friday the 13th Part 3: 3D (1982),493
Friday the 13th Part IV: The Final Chapter (1984),494
Friday the 13th Part V: A New Beginning (1985),495
Friday the 13th Part VI: Jason Lives (1986),496
Friday the 13th Part VII: The New Blood (1988),497
Friday the 13th Part VIII: Jason Takes Manhattan (1989),498
Fried Green Tomatoes (1991),499
"Frighteners, The (1996)",500
From Dusk Till Dawn (1996),501
From Here to Eternity (1953),502
"Fugitive, The (1993)",503
Full Metal Jacket (1987),504
"Full Monty, The (1997)",505
"Funeral, The (1996)",506
Funny Face (1957),507
G.I. Jane (1997),508
"Game, The (1997)",509
Gandhi (1982),510
Gaslight (1944),511
Gattaca (1997),512
"Gay Divorcee, The (1934)",513
Gentleman's Agreement (1947),514
George of the Jungle (1997),515
Georgia (1995),516
Germinal (1993),517
Geronimo: An American Legend (1993),518
Get Shorty (1995),519
Get on the Bus (1996),520
"Getaway, The (1994)",521
Getting Even with Dad (1994),522
Ghost (1990),523
"Ghost and Mrs. Muir, The (1947)",524
"Ghost and the Darkness, The (1996)",525
Ghost in the Shell (Kôkaku kidôtai) (1995),526
Ghosts of Mississippi (1996),527
Giant (1956),528
Gigi (1958),529
"Gingerbread Man, The (1998)",530
Girl 6 (1996),531
Glengarry Glen Ross (1992),532
"Glimmer Man, The (1996)",533
Glory (1989),534
Glory Daze (1995),535
Go Fish (1994),536
"Godfather, The (1972)",537
"Godfather: Part II, The (1974)",538
Godzilla (1998),539
Going My Way (1944),540
GoldenEye (1995),541
Gone Fishin' (1997),542
Gone with the Wind (1939),543
Good Will Hunting (1997),544
"Good, the Bad and the Ugly, The (Buono, il brutto, il cattivo, Il) (1966)",545
Goodfellas (1990),546
"Goofy Movie, A (1995)",547
Gordy (1995),548
Grace of My Heart (1996),549
"Graduate, The (1967)",550
"Grand Day Out with Wallace and Gromit, A (1989)",551
Grand Hotel (1932),552
Grease (1978),553
Grease 2 (1982),554
"Great Day in Harlem, A (1994)",555
"Great Dictator, The (1940)",556
"Great Escape, The (1963)",557
Great Expectations (1998),558
"Great Race, The (1965)",559
"Great White Hype, The (1996)",560
Gridlock'd (1997),561
"Grifters, The (1990)",562
Grosse Pointe Blank (1997),563
Groundhog Day (1993),564
Grumpier Old Men (1995),565
Hackers (1995),566
Half Baked (1998),567
Halloween (1978),568
Halloween 4: The Return of Michael Myers (1988),569
Halloween 5: The Revenge of Michael Myers (1989),570
Halloween II (1981),571
Halloween III: Season of the Witch (1982),572
Halloween: The Curse of Michael Myers (Halloween 6: The Curse of Michael Myers) (1995),573
Hamlet (1948),574
Hamlet (1996),575
Happy Gilmore (1996),576
Hard Rain (1998),577
Hard Target (1993),578
Harold and Maude (1971),579
Harriet the Spy (1996),580
"Hate (Haine, La) (1995)",581
"Haunted World of Edward D. Wood Jr., The (1996)",582
He Got Game (1998),583
Head Above Water (1996),584
Hear My Song (1991),585
Hearts and Minds (1996),586
Heat (1995),587
Heathers (1989),588
Heaven's Prisoners (1996),589
Heavenly Creatures (1994),590
Heavy (1995),591
Heavy Metal (1981),592
Heavyweights (Heavy Weights) (1995),593
Hellraiser: Bloodline (1996),594
Henry Fool (1997),595
Henry V (1989),596
Herbie Rides Again (1974),597
Hercules (1997),598
Hideaway (1995),599
High Art (1998),600
High Noon (1952),601
High School High (1996),602
Higher Learning (1995),603
Highlander (1986),604
Highlander III: The Sorcerer (a.k.a. Highlander: The Final Dimension) (1994),605
His Girl Friday (1940),606
Home Alone (1990),607
Home Alone 3 (1997),608
Home for the Holidays (1995),609
Homegrown (1998),610
Homeward Bound II: Lost in San Francisco (1996),611
Homeward Bound: The Incredible Journey (1993),612
Hoodlum (1997),613
Hoop Dreams (1994),614
Hope Floats (1998),615
"Horse Whisperer, The (1998)",616
"Horseman on the Roof, The (Hussard sur le toit, Le) (1995)",617
Hot Shots! Part Deux (1993),618
House Arrest (1996),619
House Party 3 (1994),620
"House of Yes, The (1997)",621
"House of the Spirits, The (1993)",622
Houseguest (1994),623
How to Make an American Quilt (1995),624
"Howling, The (1980)",625
"Hudsucker Proxy, The (1994)",626
"Hunchback of Notre Dame, The (1996)",627
"Hunt for Red October, The (1990)",628
"Hunted, The (1995)",629
Hurricane Streets (1997),630
I Know What You Did Last Summer (1997),631
I Love Trouble (1994),632
I Shot Andy Warhol (1996),633
I Went Down (1997),634
I'll Do Anything (1994),635
I.Q. (1994),636
"Ice Storm, The (1997)",637
If Lucy Fell (1996),638
Immortal Beloved (1994),639
In & Out (1997),640
In Love and War (1996),641
In the Army Now (1994),642
In the Bleak Midwinter (1995),643
In the Company of Men (1997),644
In the Heat of the Night (1967),645
In the Line of Fire (1993),646
In the Mouth of Madness (1995),647
In the Name of the Father (1993),648
In the Realm of the Senses (Ai no corrida) (1976),649
Incognito (1997),650
Independence Day (a.k.a. ID4) (1996),651
Indian Summer (a.k.a. Alive & Kicking) (1996),652
"Indian in the Cupboard, The (1995)",653
Indiana Jones and the Last Crusade (1989),654
Infinity (1996),655
"Inkwell, The (1994)",656
"Innocents, The (1961)",657
Insomnia (1997),658
"Inspector General, The (1949)",659
Interview with the Vampire: The Vampire Chronicles (1994),660
Inventing the Abbotts (1997),661
"Island of Dr. Moreau, The (1996)",662
It Could Happen to You (1994),663
It Happened One Night (1934),664
It's My Party (1996),665
It's a Wonderful Life (1946),666
Jack (1996),667
Jack and Sarah (1995),668
"Jackal, The (1997)",669
Jackie Brown (1997),670
Jade (1995),671
James and the Giant Peach (1996),672
Jane Eyre (1996),673
Jason's Lyric (1994),674
Jaws (1975),675
Jaws 2 (1978),676
Jaws 3-D (1983),677
Jean de Florette (1986),678
Jefferson in Paris (1995),679
Jeffrey (1995),680
"Jerky Boys, The (1995)",681
Jerry Maguire (1996),682
Jingle All the Way (1996),683
Joe's Apartment (1996),684
Johnny Mnemonic (1995),685
"Joy Luck Club, The (1993)",686
Jude (1996),687
Judge Dredd (1995),688
Judgment Night (1993),689
Jumanji (1995),690
"Jungle Book, The (1994)",691
Jungle2Jungle (a.k.a. Jungle 2 Jungle) (1997),692
Junior (1994),693
Jurassic Park (1993),694
"Juror, The (1996)",695
Jury Duty (1995),696
Just Cause (1995),697
Kalifornia (1993),698
Kama Sutra: A Tale of Love (1996),699
Kansas City (1996),700
Kaspar Hauser (1993),701
Kazaam (1996),702
Kicking and Screaming (1995),703
"Kid in King Arthur's Court, A (1995)",704
Kids (1995),705
Kids in the Hall: Brain Candy (1996),706
Kika (1993),707
"Killer, The (Die xue shuang xiong) (1989)",708
"Killing Fields, The (1984)",709
Killing Zoe (1994),710
King of New York (1990),711
Kingpin (1996),712
"Kiss Me, Guido (1997)",713
Kiss of Death (1995),714
Kiss the Girls (1997),715
Klute (1971),716
Kolya (Kolja) (1996),717
Koyaanisqatsi (a.k.a. Koyaanisqatsi: Life Out of Balance) (1983),718
Kramer vs. Kramer (1979),719
Krippendorf's Tribe (1998),720
Kull the Conqueror (1997),721
Kundun (1997),722
Kurt & Courtney (1998),723
L.A. Confidential (1997),724
La Cérémonie (1995),725
Labyrinth (1986),726
Ladybird Ladybird (1994),727
Lamerica (1994),728
Land Before Time III: The Time of the Great Giving (1995),729
Land and Freedom (Tierra y libertad) (1995),730
Larger Than Life (1996),731
Last Action Hero (1993),732
Last Dance (1996),733
"Last Days of Disco, The (1998)",734
"Last Emperor, The (1987)",735
Last Man Standing (1996),736
"Last Supper, The (1995)",737
"Last of the Mohicans, The (1992)",738
Laura (1944),739
Lawnmower Man 2: Beyond Cyberspace (1996),740
"Lawnmower Man, The (1992)",741
Lawrence of Arabia (1962),742
Leave It to Beaver (1997),743
Leaving Las Vegas (1995),744
Legends of the Fall (1994),745
Lethal Weapon (1987),746
Lethal Weapon 4 (1998),747
Liar Liar (1997),748
"Life Less Ordinary, A (1997)",749
"Life of Emile Zola, The (1937)",750
Life with Mikey (1993),751
Lightning Jack (1994),752
Like Water for Chocolate (Como agua para chocolate) (1992),753
"Lion King, The (1994)",754
Little Big League (1994),755
Little Buddha (1993),756
Little Lord Fauntleroy (1936),757
"Little Princess, A (1995)",758
"Little Princess, The (1939)",759
"Little Rascals, The (1994)",760
Little Women (1994),761
Live Flesh (Carne trémula) (1997),762
Live Nude Girls (1995),763
Living in Oblivion (1995),764
Local Hero (1983),765
Lone Star (1996),766
"Long Kiss Goodnight, The (1996)",767
Looking for Richard (1996),768
Lord of Illusions (1995),769
Losing Isaiah (1995),770
Lost Highway (1997),771
Lost Horizon (1937),772
"Lost Weekend, The (1945)",773
"Lost World: Jurassic Park, The (1997)",774
Lost in Space (1998),775
Love & Human Remains (1993),776
Love Affair (1994),777
"Love Bug, The (1969)",778
Love Jones (1997),779
Love Serenade (1996),780
Love and Death on Long Island (1997),781
Love and Other Catastrophes (1996),782
Love and a .45 (1994),783
Love in the Afternoon (1957),784
"Low Down Dirty Shame, A (1994)",785
Léon: The Professional (a.k.a. The Professional) (Léon) (1994),786
M (1931),787
M. Butterfly (1993),788
Mad City (1997),789
Mad Love (1995),790
Made in America (1993),791
"Madness of King George, The (1994)",792
Madonna: Truth or Dare (1991),793
Major League: Back to the Minors (1998),794
Major Payne (1995),795
Malice (1993),796
Mallrats (1995),797
"Maltese Falcon, The (1941)",798
"Man Who Knew Too Little, The (1997)",799
"Man Who Would Be King, The (1975)",800
"Man Without a Face, The (1993)",801
"Man for All Seasons, A (1966)",802
"Man in the Iron Mask, The (1998)",803
"Man of No Importance, A (1994)",804
Man of the House (1995),805
Man of the Year (1995),806
"Manchurian Candidate, The (1962)",807
Manhattan (1979),808
Manhattan Murder Mystery (1993),809
Manon of the Spring (Manon des sources) (1986),810
"Mark of Zorro, The (1940)",811
Marked for Death (1990),812
Mars Attacks! (1996),813
Marty (1955),814
Marvin's Room (1996),815
Mary Poppins (1964),816
Mary Reilly (1996),817
Mary Shelley's Frankenstein (Frankenstein) (1994),818
"Mask, The (1994)",819
"MatchMaker, The (1997)",820
Matilda (1996),821
Maverick (1994),822
Maximum Risk (1996),823
Maya Lin: A Strong Clear Vision (1994),824
McHale's Navy (1997),825
Mediterraneo (1991),826
Meet John Doe (1941),827
Meet Me in St. Louis (1944),828
Meet Wally Sparks (1997),829
Men in Black (a.k.a. MIB) (1997),830
Menace II Society (1993),831
Mercury Rising (1998),832
Metro (1997),833
Metropolitan (1990),834
Miami Rhapsody (1995),835
Michael (1996),836
Michael Collins (1996),837
Microcosmos (Microcosmos: Le peuple de l'herbe) (1996),838
Midnight Cowboy (1969),839
Midnight in the Garden of Good and Evil (1997),840
Mighty Aphrodite (1995),841
Mighty Morphin Power Rangers: The Movie (1995),842
Milk Money (1994),843
Miller's Crossing (1990),844
Mimic (1997),845
Miracle on 34th Street (1994),846
"Mirror Has Two Faces, The (1996)",847
Mission: Impossible (1996),848
"Misérables, Les (1995)",849
"Misérables, Les (1998)",850
Mixed Nuts (1994),851
Moll Flanders (1996),852
Money Talks (1997),853
Money Train (1995),854
Monty Python and the Holy Grail (1975),855
Monty Python's Life of Brian (1979),856
Mortal Kombat (1995),857
Mortal Kombat: Annihilation (1997),858
Mother (1996),859
Mother Night (1996),860
Mouse Hunt (1997),861
Mr. Holland's Opus (1995),862
Mr. Jealousy (1997),863
Mr. Magoo (1997),864
Mr. Nice Guy (Yat goh ho yan) (1997),865
Mr. Smith Goes to Washington (1939),866
Mr. Wonderful (1993),867
Mr. Wrong (1996),868
"Mrs. Brown (a.k.a. Her Majesty, Mrs. Brown) (1997)",869
Mrs. Dalloway (1997),870
Mrs. Doubtfire (1993),871
Mrs. Miniver (1942),872
Mrs. Parker and the Vicious Circle (1994),873
Mrs. Winterbourne (1996),874
Much Ado About Nothing (1993),875
Mulan (1998),876
Mulholland Falls (1996),877
Multiplicity (1996),878
Muppet Treasure Island (1996),879
Murder at 1600 (1997),880
Murder in the First (1995),881
Muriel's Wedding (1994),882
Music From Another Room (1998),883
Mute Witness (1994),884
Mutiny on the Bounty (1935),885
My Best Friend's Wedding (1997),886
My Crazy Life (Mi vida loca) (1993),887
My Fair Lady (1964),888
My Family (1995),889
My Favorite Year (1982),890
My Fellow Americans (1996),891
My Left Foot (1989),892
My Life as a Dog (Mitt liv som hund) (1985),893
My Life in Pink (Ma vie en rose) (1997),894
My Man Godfrey (1936),895
My Own Private Idaho (1991),896
Mystery Science Theater 3000: The Movie (1996),897
Nadja (1994),898
Naked (1993),899
Naked Gun 33 1/3: The Final Insult (1994),900
National Lampoon's Senior Trip (1995),901
Natural Born Killers (1994),902
Nell (1994),903
"Net, The (1995)",904
"NeverEnding Story III, The (1994)",905
New Jersey Drive (1995),906
"Newton Boys, The (1998)",907
"Next Karate Kid, The (1994)",908
Nick of Time (1995),909
Night Flier (1997),910
Night of the Living Dead (1968),911
Night on Earth (1991),912
"Nightmare Before Christmas, The (1993)",913
"Nightmare on Elm Street 2: Freddy's Revenge, A (1985)",914
"Nightmare on Elm Street 3: Dream Warriors, A (1987)",915
"Nightmare on Elm Street 4: The Dream Master, A (1988)",916
"Nightmare on Elm Street 5: The Dream Child, A (1989)",917
"Nightmare on Elm Street, A (1984)",918
Nightwatch (1997),919
Nine Months (1995),920
Ninotchka (1939),921
Nixon (1995),922
No Escape (1994),923
Nobody's Fool (1994),924
Normal Life (1996),925
North (1994),926
North by Northwest (1959),927
"Nosferatu (Nosferatu, eine Symphonie des Grauens) (1922)",928
Nothing Personal (1995),929
Nothing to Lose (1994),930
Notorious (1946),931
Now and Then (1995),932
Nowhere (1997),933
"Nutty Professor, The (1996)",934
"Object of My Affection, The (1998)",935
Of Human Bondage (1934),936
"Old Man and the Sea, The (1958)",937
Old Yeller (1957),938
Oliver & Company (1988),939
Oliver! (1968),940
"Omen, The (1976)",941
On Golden Pond (1981),942
On the Waterfront (1954),943
Once Upon a Time in America (1984),944
Once Upon a Time in the West (C'era una volta il West) (1968),945
Once Upon a Time... When We Were Colored (1995),946
Once Were Warriors (1994),947
One Fine Day (1996),948
One Flew Over the Cuckoo's Nest (1975),949
Only You (1994),950
Operation Dumbo Drop (1995),951
"Opposite of Sex, The (1998)",952
Ordinary People (1980),953
Orlando (1992),954
Othello (1995),955
Out of Africa (1985),956
Out of Sight (1998),957
Out to Sea (1997),958
Outbreak (1995),959
"Pagemaster, The (1994)",960
"Pallbearer, The (1996)",961
Palmetto (1998),962
Palookaville (1996),963
"Paper, The (1994)",964
Paradise Lost: The Child Murders at Robin Hood Hills (1996),965
"Parent Trap, The (1961)",966
Paris Is Burning (1990),967
"Paris, Texas (1984)",968
Party Girl (1995),969
Passion Fish (1992),970
Paths of Glory (1957),971
Patton (1970),972
Paulie (1998),973
"Peacemaker, The (1997)",974
Penny Serenade (1941),975
"People vs. Larry Flynt, The (1996)",976
"Perez Family, The (1995)",977
"Perfect Candidate, A (1996)",978
"Perfect Murder, A (1998)",979
"Perfect World, A (1993)",980
Persuasion (1995),981
"Pest, The (1997)",982
Pete's Dragon (1977),983
"Phantom, The (1996)",984
Phantoms (1998),985
Phenomenon (1996),986
Philadelphia (1993),987
"Philadelphia Story, The (1940)",988
Pi (1998),989
"Piano, The (1993)",990
Picnic (1955),991
Picnic at Hanging Rock (1975),992
Picture Bride (Bijo photo) (1994),993
Picture Perfect (1997),994
Pie in the Sky (1996),995
"Pillow Book, The (1996)",996
Pink Floyd: The Wall (1982),997
Pinocchio (1940),998
Plan 9 from Outer Space (1959),999
Platoon (1986),1000
Playing God (1997),1001
Pocahontas (1995),1002
Poetic Justice (1993),1003
Poison Ivy II (1996),1004
Pollyanna (1960),1005
Poltergeist (1982),1006
Poltergeist II: The Other Side (1986),1007
Poltergeist III (1988),1008
Ponette (1996),1009
"Portrait of a Lady, The (1996)",1010
"Postman, The (1997)",1011
"Postman, The (Postino, Il) (1994)",1012
Powder (1995),1013
"Preacher's Wife, The (1996)",1014
Prefontaine (1997),1015
Pretty Woman (1990),1016
Priest (1994),1017
Primal Fear (1996),1018
Primary Colors (1998),1019
"Princess Bride, The (1987)",1020
Princess Caraboo (1994),1021
Private Benjamin (1980),1022
Private Parts (1997),1023
"Program, The (1993)",1024
Prom Night (1980),1025
"Promise, The (La promesse) (1996)",1026
"Prophecy, The (1995)",1027
Psycho (1960),1028
Pulp Fiction (1994),1029
Pump Up the Volume (1990),1030
"Puppet Masters, The (1994)",1031
Pushing Hands (Tui shou) (1992),1032
"Queen Margot (Reine Margot, La) (1994)",1033
Quest for Camelot (1998),1034
"Quest, The (1996)",1035
"Quick and the Dead, The (1995)",1036
"Quiet Man, The (1952)",1037
Quiz Show (1994),1038
Radioland Murders (1994),1039
Raging Bull (1980),1040
Raiders of the Lost Ark (Indiana Jones and the Raiders of the Lost Ark) (1981),1041
Rain Man (1988),1042
"Rainmaker, The (1997)",1043
Raise the Red Lantern (Da hong deng long gao gao gua) (1991),1044
Raising Arizona (1987),1045
Ran (1985),1046
Ransom (1996),1047
Ready to Wear (Pret-A-Porter) (1994),1048
"Real Blonde, The (1997)",1049
Real Genius (1985),1050
Reality Bites (1994),1051
Rear Window (1954),1052
Rebecca (1940),1053
Rebel Without a Cause (1955),1054
Red Corner (1997),1055
Red Rock West (1992),1056
"Ref, The (1994)",1057
"Relic, The (1997)",1058
"Remains of the Day, The (1993)",1059
Renaissance Man (1994),1060
"Replacement Killers, The (1998)",1061
Repo Man (1984),1062
Reservoir Dogs (1992),1063
Restoration (1995),1064
"Return of Martin Guerre, The (Retour de Martin Guerre, Le) (1982)",1065
"Return of the Pink Panther, The (1975)",1066
Richard III (1995),1067
Richie Rich (1994),1068
Ridicule (1996),1069
"Right Stuff, The (1983)",1070
Rising Sun (1993),1071
"River Wild, The (1994)",1072
"Road to Wellville, The (1994)",1073
Rob Roy (1995),1074
Robin Hood: Men in Tights (1993),1075
Robin Hood: Prince of Thieves (1991),1076
RoboCop 3 (1993),1077
"Rock, The (1996)",1078
RocketMan (a.k.a. Rocket Man) (1997),1079
Rocky (1976),1080
Roman Holiday (1953),1081
Romeo Is Bleeding (1993),1082
Romper Stomper (1992),1083
Romy and Michele's High School Reunion (1997),1084
"Room with a View, A (1986)",1085
Roommates (1995),1086
Rosencrantz and Guildenstern Are Dead (1990),1087
Rosewood (1997),1088
Ruby in Paradise (1993),1089
Rudy (1993),1090
"Ruling Class, The (1972)",1091
Rumble in the Bronx (Hont faan kui) (1995),1092
"Run of the Country, The (1995)",1093
S.F.W. (1994),1094
Sabrina (1954),1095
Sabrina (1995),1096
Safe (1995),1097
"Saint, The (1997)",1098
"Santa Clause, The (1994)",1099
"Savage Nights (Nuits fauves, Les) (1992)",1100
"Scarlet Letter, The (1995)",1101
Schindler's List (1993),1102
Schizopolis (1996),1103
"Scout, The (1994)",1104
Scream (1996),1105
Scream 2 (1997),1106
Screamers (1995),1107
Searching for Bobby Fischer (1993),1108
"Secret Agent, The (1996)",1109
"Secret Garden, The (1993)",1110
"Secret of Roan Inish, The (1994)",1111
Secrets & Lies (1996),1112
Selena (1997),1113
Sense and Sensibility (1995),1114
Serial Mom (1994),1115
Set It Off (1996),1116
Seven (a.k.a. Se7en) (1995),1117
Seven Years in Tibet (1997),1118
"Seventh Seal, The (Sjunde inseglet, Det) (1957)",1119
"Sex, Lies, and Videotape (1989)",1120
Sgt. Bilko (1996),1121
"Shadow, The (1994)",1122
Shadowlands (1993),1123
"Shaggy Dog, The (1959)",1124
Shall We Dance (1937),1125
Shall We Dance? (Shall We Dansu?) (1996),1126
Shallow Grave (1994),1127
Shanghai Triad (Yao a yao yao dao waipo qiao) (1995),1128
"Shawshank Redemption, The (1994)",1129
She's So Lovely (1997),1130
She's the One (1996),1131
Shiloh (1997),1132
Shine (1996),1133
"Shining, The (1980)",1134
Shooting Fish (1997),1135
Short Cuts (1993),1136
Showgirls (1995),1137
"Silence of the Lambs, The (1991)",1138
"Simple Twist of Fate, A (1994)",1139
"Simple Wish, A (1997)",1140
Singin' in the Rain (1952),1141
"Single Girl, A (Fille seule, La) (1995)",1142
Sirens (1994),1143
Six Days Seven Nights (1998),1144
Six Degrees of Separation (1993),1145
Sleeper (1973),1146
Sleepers (1996),1147
Sleepless in Seattle (1993),1148
Sliding Doors (1998),1149
Sling Blade (1996),1150
Sliver (1993),1151
Small Soldiers (1998),1152
Smilla's Sense of Snow (1997),1153
Smoke (1995),1154
Smoke Signals (1998),1155
Sneakers (1992),1156
Snow White and the Seven Dwarfs (1937),1157
So I Married an Axe Murderer (1993),1158
Solo (1996),1159
Some Folks Call It a Sling Blade (1993),1160
Some Kind of Wonderful (1987),1161
Some Like It Hot (1959),1162
Some Mother's Son (1996),1163
Something to Talk About (1995),1164
Somewhere in Time (1980),1165
Son in Law (1993),1166
Song of the Little Road (Pather Panchali) (1955),1167
Sophie's Choice (1982),1168
Soul Food (1997),1169
"Sound of Music, The (1965)",1170
Space Jam (1996),1171
"Spanish Prisoner, The (1997)",1172
Spanking the Monkey (1994),1173
Spawn (1997),1174
"Specialist, The (1994)",1175
Species (1995),1176
Species II (1998),1177
Speechless (1994),1178
Speed (1994),1179
Speed 2: Cruise Control (1997),1180
Spellbound (1945),1181
Sphere (1998),1182
Spice World (1997),1183
"Spitfire Grill, The (1996)",1184
Spy Hard (1996),1185
Stalingrad (1993),1186
Stalker (1979),1187
Stand by Me (1986),1188
Star Trek II: The Wrath of Khan (1982),1189
Star Trek III: The Search for Spock (1984),1190
Star Trek IV: The Voyage Home (1986),1191
Star Trek V: The Final Frontier (1989),1192
Star Trek VI: The Undiscovered Country (1991),1193
Star Trek: First Contact (1996),1194
Star Trek: Generations (1994),1195
Star Trek: The Motion Picture (1979),1196
Star Wars: Episode IV - A New Hope (1977),1197
Star Wars: Episode V - The Empire Strikes Back (1980),1198
Star Wars: Episode VI - Return of the Jedi (1983),1199
Stargate (1994),1200
Starship Troopers (1997),1201
Stealing Beauty (1996),1202
Steel (1997),1203
"Sting, The (1973)",1204
Strange Days (1995),1205
Strawberry and Chocolate (Fresa y chocolate) (1993),1206
Street Fighter (1994),1207
"Streetcar Named Desire, A (1951)",1208
Strictly Ballroom (1992),1209
Striking Distance (1993),1210
Stripes (1981),1211
Striptease (1996),1212
Stuart Saves His Family (1995),1213
"Stupids, The (1996)",1214
SubUrbia (1997),1215
"Substitute, The (1996)",1216
Sudden Death (1995),1217
Suicide Kings (1997),1218
"Sum of Us, The (1994)",1219
Sunset Blvd. (a.k.a. Sunset Boulevard) (1950),1220
Sunset Park (1996),1221
Super Mario Bros. (1993),1222
Supercop (Police Story 3: Supercop) (Jing cha gu shi III: Chao ji jing cha) (1992),1223
Supercop 2 (Project S) (Chao ji ji hua) (1993),1224
Surviving the Game (1994),1225
Suture (1993),1226
"Swan Princess, The (1994)",1227
"Sweet Hereafter, The (1997)",1228
Swept from the Sea (1997),1229
Swimming with Sharks (1995),1230
Swingers (1996),1231
Swiss Family Robinson (1960),1232
Switchback (1997),1233
"Sword in the Stone, The (1963)",1234
Take the Money and Run (1969),1235
Tales from the Crypt Presents: Bordello of Blood (1996),1236
Tales from the Crypt Presents: Demon Knight (1995),1237
Tales from the Hood (1995),1238
Tank Girl (1995),1239
Tarzan and the Lost City (1998),1240
Taste of Cherry (Ta'm e guilass) (1997),1241
Taxi Driver (1976),1242
Temptress Moon (Feng Yue) (1996),1243
Terminal Velocity (1994),1244
Terminator 2: Judgment Day (1991),1245
"Terminator, The (1984)",1246
Terms of Endearment (1983),1247
That Darn Cat (1997),1248
That Darn Cat! (1965),1249
That Thing You Do! (1996),1250
The Devil's Advocate (1997),1251
The Players Club (1998),1252
Theodore Rex (1995),1253
There's Something About Mary (1998),1254
"Thieves (Voleurs, Les) (1996)",1255
"Thin Blue Line, The (1988)",1256
"Thin Line Between Love and Hate, A (1996)",1257
"Thin Man, The (1934)",1258
Things to Do in Denver When You're Dead (1995),1259
Thinner (1996),1260
"Third Man, The (1949)",1261
Thirty-Two Short Films About Glenn Gould (1993),1262
This Is Spinal Tap (1984),1263
"Thousand Acres, A (1997)",1264
"Three Caballeros, The (1945)",1265
Three Colors: Blue (Trois couleurs: Bleu) (1993),1266
Three Colors: Red (Trois couleurs: Rouge) (1994),1267
Three Colors: White (Trzy kolory: Bialy) (1994),1268
"Three Musketeers, The (1993)",1269
Three Wishes (1995),1270
Threesome (1994),1271
Tie Me Up! Tie Me Down! (¡Átame!) (1990),1272
"Time to Kill, A (1996)",1273
Timecop (1994),1274
Tin Cup (1996),1275
"Tin Drum, The (Blechtrommel, Die) (1979)",1276
Tin Men (1987),1277
Titanic (1997),1278
To Be or Not to Be (1942),1279
To Catch a Thief (1955),1280
To Die For (1995),1281
To Gillian on Her 37th Birthday (1996),1282
To Kill a Mockingbird (1962),1283
To Live (Huozhe) (1994),1284
"To Wong Foo, Thanks for Everything! Julie Newmar (1995)",1285
Tom & Viv (1994),1286
Tom Jones (1963),1287
Tom and Huck (1995),1288
Tombstone (1993),1289
Tommy Boy (1995),1290
Tomorrow Never Dies (1997),1291
Top Gun (1986),1292
Top Hat (1935),1293
Total Eclipse (1995),1294
Touch (1997),1295
Touch of Evil (1958),1296
Toy Story (1995),1297
Trainspotting (1996),1298
"Treasure of the Sierra Madre, The (1948)",1299
Trees Lounge (1996),1300
Trial and Error (1997),1301
"Trigger Effect, The (1996)",1302
True Crime (1996),1303
True Lies (1994),1304
True Romance (1993),1305
"Truman Show, The (1998)",1306
Trust (1990),1307
"Truth About Cats & Dogs, The (1996)",1308
Turbo: A Power Rangers Movie (1997),1309
Turbulence (1997),1310
Twelfth Night (1996),1311
Twelve Monkeys (a.k.a. 12 Monkeys) (1995),1312
Twilight (1998),1313
Twister (1996),1314
Two Girls and a Guy (1997),1315
Two Much (1995),1316
Two if by Sea (1996),1317
U Turn (1997),1318
U.S. Marshals (1998),1319
Ulee's Gold (1997),1320
"Umbrellas of Cherbourg, The (Parapluies de Cherbourg, Les) (1964)",1321
"Unbearable Lightness of Being, The (1988)",1322
Under Siege (1992),1323
Under Siege 2: Dark Territory (1995),1324
Underground (1995),1325
Underneath (1995),1326
Underworld (1996),1327
Unforgettable (1996),1328
Unforgiven (1992),1329
Unstrung Heroes (1995),1330
Until the End of the World (Bis ans Ende der Welt) (1991),1331
Unzipped (1995),1332
Up Close and Personal (1996),1333
"Usual Suspects, The (1995)",1334
Vampire in Brooklyn (1995),1335
Vampire in Venice (Nosferatu a Venezia) (Nosferatu in Venice) (1986),1336
Vanya on 42nd Street (1994),1337
Vegas Vacation (National Lampoon's Las Vegas Vacation) (1997),1338
Vertigo (1958),1339
"Very Brady Sequel, A (1996)",1340
Victor/Victoria (1982),1341
Village of the Damned (1995),1342
Virtuosity (1995),1343
"Visitors, The (Visiteurs, Les) (1993)",1344
Volcano (1997),1345
Wag the Dog (1997),1346
Waiting for Guffman (1996),1347
Waiting to Exhale (1995),1348
"Walk in the Clouds, A (1995)",1349
Walkabout (1971),1350
"Walking Dead, The (1995)",1351
Walking and Talking (1996),1352
Wallace & Gromit: A Close Shave (1995),1353
Wallace & Gromit: The Best of Aardman Animation (1996),1354
Wallace & Gromit: The Wrong Trousers (1993),1355
"War Room, The (1993)",1356
"War, The (1994)",1357
Washington Square (1997),1358
Waterworld (1995),1359
"Wedding Singer, The (1998)",1360
Weekend at Bernie's (1989),1361
Welcome to Sarajevo (1997),1362
Welcome to Woop-Woop (1997),1363
Welcome to the Dollhouse (1995),1364
"Wes Craven's New Nightmare (Nightmare on Elm Street Part 7: Freddy's Finale, A) (1994)",1365
West Side Story (1961),1366
What Happened Was... (1994),1367
What's Eating Gilbert Grape (1993),1368
What's Love Got to Do with It? (1993),1369
Whatever (1998),1370
When Harry Met Sally... (1989),1371
When Night Is Falling (1995),1372
When We Were Kings (1996),1373
When a Man Loves a Woman (1994),1374
When the Cat's Away (Chacun cherche son chat) (1996),1375
While You Were Sleeping (1995),1376
"White Balloon, The (Badkonake sefid) (1995)",1377
White Man's Burden (1995),1378
White Squall (1996),1379
"Whole Wide World, The (1996)",1380
Widows' Peak (1994),1381
Wild America (1997),1382
Wild Bill (1995),1383
"Wild Bunch, The (1969)",1384
Wild Reeds (Les roseaux sauvages) (1994),1385
Wild Things (1998),1386
William Shakespeare's Romeo + Juliet (1996),1387
Willy Wonka & the Chocolate Factory (1971),1388
"Wings of Desire (Himmel über Berlin, Der) (1987)",1389
"Wings of the Dove, The (1997)",1390
Winnie the Pooh and the Blustery Day (1968),1391
Wishmaster (1997),1392
With Honors (1994),1393
Withnail & I (1987),1394
Witness (1985),1395
"Wizard of Oz, The (1939)",1396
Wolf (1994),1397
"Women, The (1939)",1398
"Wonderful, Horrible Life of Leni Riefenstahl, The (Macht der Bilder: Leni Riefenstahl, Die) (1993)",1399
"World of Apu, The (Apur Sansar) (1959)",1400
Wyatt Earp (1994),1401
"X-Files: Fight the Future, The (1998)",1402
You Can't Take It with You (1938),1403
Young Frankenstein (1974),1404
Young Guns (1988),1405
Young Guns II (1990),1406
"Young Poisoner's Handbook, The (1995)",1407
Zero Effect (1998),1408
